jams_file,track_name,artist_name,album_name,track_number,duration,release_year,musicbrainz,isrc,deezer_id,deezer_url,youtube_url,acousticbrainz,spotify_id
schubert-winterreise-audio_119.jams,Der Leiermann,Jorg DemusandDietrich Fischer-Dieskau,Winterreise,24,189.02,,20484851-6711-496a-9508-3ad63658deef,['DEF056532024'],,,https://music.youtube.com/watch?v=wK9BQZwPjFc,,
schubert-winterreise-audio_46.jams,Die Nebensonnen,Jeremy DenkandRandall Scarlata,Journey for One: A Winterreise Fantasy for Solo Piano,23,178.39,,d31d3a13-1625-4883-8cb8-128a779a884b,['USPMZ2117023'],,,https://music.youtube.com/watch?v=lsJgMHzQ4d4,,
schubert-winterreise-audio_60.jams,Die Post,Roger VignolesandThomas Allen,Winterreise,13,124.23,,18e3d991-0301-49ba-9956-ccbf7e39a57d,,,,https://music.youtube.com/watch?v=n9DmdAwUbxc,,
schubert-winterreise-audio_35.jams,Einsamkeit,Jeremy DenkandRandall Scarlata,Weltreise,15,147.04,,ea0034d6-b526-471f-85b6-4c171a1a8ba2,['DEN120101163'],,,https://music.youtube.com/watch?v=CDBqjfPnJok,,
schubert-winterreise-audio_116.jams,Das Wirtshaus,Jorg DemusandDietrich Fischer-Dieskau,Winterreise,21,268.02,,93a7c7ed-c8c6-4c93-8fd3-acb308466c12,['DEF056532021'],,,https://music.youtube.com/watch?v=lu5Yj977YIQ,,
schubert-winterreise-audio_37.jams,Der greise Kopf,Jeremy DenkandRandall Scarlata,Journey for One: A Winterreise Fantasy for Solo Piano,14,149.34,,0e05f36e-de62-4832-bf79-f92b1283b5c9,['USPMZ2117014'],,,https://music.youtube.com/watch?v=YXateuv2dc8,,
schubert-winterreise-audio_40.jams,Im Dorfe,Jeremy DenkandRandall Scarlata,Journey for One: A Winterreise Fantasy for Solo Piano,17,190.54,,8f7ba063-3110-40c5-82fd-cb4d6226ade1,['USPMZ2117017'],,,https://music.youtube.com/watch?v=Hd9xfuNsM28,,
schubert-winterreise-audio_215.jams,Der Leiermann,Ulrich EisenlohrandRoman Trekel,Winterreise,24,257.33,,357baf9c-3f85-4bf6-b544-2f9de09821ec,,,,https://music.youtube.com/watch?v=LinCu9jfZ9o,,
schubert-winterreise-audio_8.jams,Irrlicht,Hanns-Udo MullerandGerhard Husch,"""Leise flehen meine Lieder...""",9,132.59,,fd5ddbdf-d02f-47c1-8259-424fb74a19b9,,,,https://music.youtube.com/watch?v=p9l3F1Qgp-c,,
schubert-winterreise-audio_9.jams,Rast,Hanns-Udo MullerandGerhard Husch,"""Leise flehen meine Lieder...""",10,195.65,,eb5cf0d0-6562-44fa-a1a1-e0fffbec42a5,,,,https://music.youtube.com/watch?v=VBO_uRVBOvU,,
schubert-winterreise-audio_6.jams,Auf dem Flusse,Hanns-Udo MullerandGerhard Husch,"""Leise flehen meine Lieder...""",7,187.34,,a2290230-023a-42b3-8fc2-700dde5bfe50,,,,https://music.youtube.com/watch?v=xqcwsDHtY6s,,
schubert-winterreise-audio_21.jams,Muth,Hanns-Udo MullerandGerhard Husch,"""Leise flehen meine Lieder...""",9,79.69,,fd5ddbdf-d02f-47c1-8259-424fb74a19b9,,,,https://music.youtube.com/watch?v=7IpWj7L-lxA,,
schubert-winterreise-audio_205.jams,Der greise Kopf,Ulrich EisenlohrandRoman Trekel,Winterreise,14,202.27,,fd4ab967-f356-41c3-8889-53f0aa10c3ec,,,,https://music.youtube.com/watch?v=2SasV6tFqpc,,
schubert-winterreise-audio_16.jams,Im Dorfe,Hanns-Udo MullerandGerhard Husch,"""Leise flehen meine Lieder...""",17,197.74,,1fb0dd36-20c5-45a6-8b05-ceb5bbd31932,,,,https://music.youtube.com/watch?v=cmPA2Kckg6I,,
schubert-winterreise-audio_191.jams,Der Leiermann,Charles SpencerandThomas Quasthoff,Winterreise,24,206.13,,d38429cc-f860-4412-8228-de81d3d45485,,,,https://music.youtube.com/watch?v=fNJ39sH4azQ,,
schubert-winterreise-audio_126.jams,Auf dem Flusse,Daniel BarenboimandDietrich Fischer-Dieskau,Winterreise,7,210.86,,a9b3c9d7-da10-44b3-aabf-61db3c7e33af,,,,https://music.youtube.com/watch?v=rnWHQaSu54s,,
schubert-winterreise-audio_184.jams,Im Dorfe,Charles SpencerandThomas Quasthoff,Winterreise,17,163.0,,6bcc6152-e69a-4e93-8fb9-8272e08fb430,,,,https://music.youtube.com/watch?v=wJxM9lxGdtg,,
schubert-winterreise-audio_64.jams,Im Dorfe,Roger VignolesandThomas Allen,Winterreise,17,216.04,,d33b7b81-0894-48e4-9883-d6fe1b739e39,,,,https://music.youtube.com/watch?v=MLQ0GQj84Z0,,
schubert-winterreise-audio_74.jams,Gefrorne Tränen,Gerald MooreandDietrich Fischer-Dieskau,Schubert: Winterreise,3,156.29,,7d237056-de95-4382-b75a-08a0c07abf4b,['DEF057130103'],,,https://music.youtube.com/watch?v=Z0jY4HxVb3Q,,
schubert-winterreise-audio_121.jams,Die Wetterfahne,Daniel BarenboimandDietrich Fischer-Dieskau,Winterreise,2,110.03,,e23fdf13-66fc-4fb2-9077-642e04f40700,,,,https://music.youtube.com/watch?v=Vkr0DPvOcRs,,
schubert-winterreise-audio_180.jams,Die Post,Charles SpencerandThomas Quasthoff,Winterreise,13,140.29,,82c0a58b-6549-4c61-be9b-4eba69869f0b,,,,https://music.youtube.com/watch?v=mBM4CyhU3q0,,
schubert-winterreise-audio_24.jams,Gute Nacht,Jeremy DenkandRandall Scarlata,Tour Taxi Europa,9,325.33,,04efaa1f-ea7a-4124-b3d1-18d65f830e7a,['CH0190400018'],,,https://music.youtube.com/watch?v=Qy2bstpIBTI,,
schubert-winterreise-audio_86.jams,Die Krähe,Gerald MooreandDietrich Fischer-Dieskau,Winterreise,C3,127.79,,10cefbc6-e72c-4790-aa39-a66f073b4601,['DEF057130115'],,,https://music.youtube.com/watch?v=1EDO4eXvE9g,,
schubert-winterreise-audio_85.jams,Der greise Kopf,Gerald MooreandDietrich Fischer-Dieskau,Winterreise,C2,195.45,,f8262c8f-efb0-417d-9a7a-e236081a1f36,['DEF057130114'],,,https://music.youtube.com/watch?v=vgtjTHe6Rz4,,
schubert-winterreise-audio_146.jams,Gefrorne Tränen,Bert van den BrinkandThomas Oliemans,Winterreise,3,159.29,,143a01f4-1916-40b3-a802-d58e941045f3,['FR50X0510103'],,,https://music.youtube.com/watch?v=TZhzNAURlAk,,
schubert-winterreise-audio_97.jams,Die Wetterfahne,Jorg DemusandDietrich Fischer-Dieskau,Winterreise,2,106.03,,763b5e46-09ea-4217-bcc3-db497d8702e7,['DEF056532002'],,,https://music.youtube.com/watch?v=vMPlMwDRsqA,,
schubert-winterreise-audio_195.jams,Erstarrung,Ulrich EisenlohrandRoman Trekel,Winterreise,4,166.23,,e9136208-24d5-4c96-b5c2-ec9ea51c121b,,,,https://music.youtube.com/watch?v=4Q5tVHhBGkQ,,
schubert-winterreise-audio_204.jams,Die Post,Ulrich EisenlohrandRoman Trekel,Winterreise,13,146.2,,4a0da44e-833b-4504-848d-32a3c09ba549,,,,https://music.youtube.com/watch?v=oica_dr-f2c,,
schubert-winterreise-audio_212.jams,Das Wirtshaus,Ulrich EisenlohrandRoman Trekel,Winterreise,21,252.97,,39f69ed7-411b-4ea4-bed6-db2c32e58473,,,,https://music.youtube.com/watch?v=o2CvrAXQm8g,,
schubert-winterreise-audio_27.jams,Erstarrung,Jeremy DenkandRandall Scarlata,Journey for One: A Winterreise Fantasy for Solo Piano,4,159.84,,41ae937b-45e6-4020-8037-425d514bfa52,['USPMZ2117004'],,,https://music.youtube.com/watch?v=eJkeLoym500,,
schubert-winterreise-audio_140.jams,Das Wirtshaus,Daniel BarenboimandDietrich Fischer-Dieskau,Winterreise,21,266.03,,5cd0fcd8-5280-4b41-a91f-1b0d17855ee2,,,,https://music.youtube.com/watch?v=4mIZZqfTMTk,,
schubert-winterreise-audio_127.jams,Rückblick,Daniel BarenboimandDietrich Fischer-Dieskau,Winterreise,8,149.21,,67ba502d-aed1-42c8-850a-06fb7c5e205b,,,,https://music.youtube.com/watch?v=khT1zRJ-hCM,,
schubert-winterreise-audio_88.jams,Im Dorfe,Gerald MooreandDietrich Fischer-Dieskau,Winterreise,C5,184.35,,47152533-f3de-42b1-bc15-e97e6b4fa63e,['DEF057130117'],,,https://music.youtube.com/watch?v=hK83KuAbxxg,,
schubert-winterreise-audio_47.jams,Der Leiermann,Jeremy DenkandRandall Scarlata,Gloires,,207.8,,,,,,https://music.youtube.com/watch?v=Jyc1c0gxx6A,,
schubert-winterreise-audio_209.jams,Der stürmische Morgen,Ulrich EisenlohrandRoman Trekel,Winterreise,18,53.04,,53bb0c18-82c3-4c60-87f7-36daecd70fa5,,,,https://music.youtube.com/watch?v=Y1rTazQtqFA,,
schubert-winterreise-audio_196.jams,Der Lindenbaum,Ulrich EisenlohrandRoman Trekel,Winterreise,5,282.67,,c3a06784-0e2f-4dcb-b9c7-1d7d8642c7bf,,,,https://music.youtube.com/watch?v=nDgA3Qv57gE,,
schubert-winterreise-audio_84.jams,Die Post,Gerald MooreandDietrich Fischer-Dieskau,Winterreise,C1,141.66,,40caed34-9095-44de-8398-91565fc3c6c5,['DEF057130113'],,,https://music.youtube.com/watch?v=-uS6Ge8m0hE,,
schubert-winterreise-audio_4.jams,Der Lindenbaum,Hanns-Udo MullerandGerhard Husch,"""Leise flehen meine Lieder...""",5,274.41,,22eec625-3e73-42ec-b8ec-918c76f15a95,,,,https://music.youtube.com/watch?v=4rQR-vefXfk,,
schubert-winterreise-audio_164.jams,Das Wirtshaus,Bert van den BrinkandThomas Oliemans,Journey for One: A Winterreise Fantasy for Solo Piano,21,240.49,,3200fb6d-9adf-40da-8dab-eb82953361c6,['USPMZ2117021'],,,https://music.youtube.com/watch?v=2N_pT37sBcc,,
schubert-winterreise-audio_69.jams,Muth,Roger VignolesandThomas Allen,Stimulus,2,85.93,,1c22d994-bbc8-4779-be98-08d534245efe,['UKU932290073'],,,https://music.youtube.com/watch?v=THjJex_daDk,,
schubert-winterreise-audio_163.jams,Der Wegweiser,Bert van den BrinkandThomas Oliemans,Journey for One: A Winterreise Fantasy for Solo Piano,20,244.61,,611dd47a-3d16-496d-8d9b-aa52f1e952b1,['USPMZ2117020'],,,https://music.youtube.com/watch?v=2iismw7F3Gw,,
schubert-winterreise-audio_151.jams,Rückblick,Bert van den BrinkandThomas Oliemans,Schubert: Winterreise,,136.03,,,,,,https://music.youtube.com/watch?v=ticDO8DOrZg,,
schubert-winterreise-audio_133.jams,Der greise Kopf,Daniel BarenboimandDietrich Fischer-Dieskau,Winterreise,14,194.04,,dcb08149-f27a-4049-8c7e-298534450297,,,,https://music.youtube.com/watch?v=dctszzq7FNI,,
schubert-winterreise-audio_147.jams,Erstarrung,Bert van den BrinkandThomas Oliemans,Schubert: Winterreise,,187.13,,,,,,https://music.youtube.com/watch?v=GWCstMNeITg,,
schubert-winterreise-audio_109.jams,Der greise Kopf,Jorg DemusandDietrich Fischer-Dieskau,Winterreise,14,183.01,,2fe6d9df-d726-4b1a-8b21-e5506abd0429,['DEF056532014'],,,https://music.youtube.com/watch?v=ynp3Y-be4sE,,
schubert-winterreise-audio_200.jams,Irrlicht,Ulrich EisenlohrandRoman Trekel,Winterreise,9,169.56,,a50fa19e-0303-4073-9c0d-95b089d64a1a,,,,https://music.youtube.com/watch?v=xIRo-4Ue_o0,,
schubert-winterreise-audio_160.jams,Im Dorfe,Bert van den BrinkandThomas Oliemans,Journey for One: A Winterreise Fantasy for Solo Piano,17,186.93,,8f7ba063-3110-40c5-82fd-cb4d6226ade1,['USPMZ2117017'],,,https://music.youtube.com/watch?v=pYERMtwz4UM,,
schubert-winterreise-audio_166.jams,Die Nebensonnen,Bert van den BrinkandThomas Oliemans,Journey for One: A Winterreise Fantasy for Solo Piano,23,170.15,,d31d3a13-1625-4883-8cb8-128a779a884b,['USPMZ2117023'],,,https://music.youtube.com/watch?v=MyrWaInuMhA,,
schubert-winterreise-audio_42.jams,Täuschung,Jeremy DenkandRandall Scarlata,Journey for One: A Winterreise Fantasy for Solo Piano,19,73.61,,066a4c40-149e-44df-9b8b-5a1efb82b296,['USPMZ2117019'],,,https://music.youtube.com/watch?v=ihk0ePBKfRo,,
schubert-winterreise-audio_66.jams,Täuschung,Roger VignolesandThomas Allen,Winterreise,19,93.0,,a91e00ea-ef9b-4d45-8ee0-66432cf1bbfc,,,,https://music.youtube.com/watch?v=F1mXhLXAAm4,,
schubert-winterreise-audio_130.jams,Frühlingstraum,Daniel BarenboimandDietrich Fischer-Dieskau,Winterreise,11,248.03,,3f7a51ec-61d1-41bb-a18b-2776969da0f4,,,,https://music.youtube.com/watch?v=oUNy1AC3nF4,,
schubert-winterreise-audio_62.jams,Die Krähe,Roger VignolesandThomas Allen,Winterreise,15,146.63,,19ec20f3-153a-4ac2-82e3-77ea8763ff47,,,,https://music.youtube.com/watch?v=nLvRcnjkR5M,,
schubert-winterreise-audio_2.jams,Gefrorne Tränen,Hanns-Udo MullerandGerhard Husch,"""Leise flehen meine Lieder...""",3,150.33,,cfba0f2f-6a76-4655-8705-3f3703d0e1fa,,,,https://music.youtube.com/watch?v=rJwke3SA8Jg,,
schubert-winterreise-audio_210.jams,Täuschung,Ulrich EisenlohrandRoman Trekel,Winterreise,19,78.56,,0863de68-5a18-4cae-b253-94b38f2fa0c2,,,,https://music.youtube.com/watch?v=FMihzt62ndI,,
schubert-winterreise-audio_95.jams,Der Leiermann,Gerald MooreandDietrich Fischer-Dieskau,Winterreise,D5,217.42,,6eb10c30-e0dd-43ae-81fc-14d8dfa137f8,['DEF057130124'],,,https://music.youtube.com/watch?v=vSuqEm5o_Lg,,
schubert-winterreise-audio_207.jams,Letzte Hoffnung,Ulrich EisenlohrandRoman Trekel,Winterreise,16,129.47,,a0643842-2408-4fab-92fe-3afc11911196,,,,https://music.youtube.com/watch?v=WnaemqkEBlg,,
schubert-winterreise-audio_153.jams,Rast,Bert van den BrinkandThomas Oliemans,Solo Piano 'Jazz At The Pinehill',,202.79,,,,,,https://music.youtube.com/watch?v=uCuD1vCvp58,,
schubert-winterreise-audio_101.jams,Wasserflut,Jorg DemusandDietrich Fischer-Dieskau,Winterreise,6,250.02,,4b4108df-6ba4-4480-969d-1aeaa52ab787,['DEF056532006'],,,https://music.youtube.com/watch?v=ff2iBd5pXhk,,
schubert-winterreise-audio_25.jams,Die Wetterfahne,Jeremy DenkandRandall Scarlata,Journey for One: A Winterreise Fantasy for Solo Piano,2,95.66,,3292a409-2b6d-437e-9997-ce841832eb86,['USPMZ2117002'],,,https://music.youtube.com/watch?v=VOvdWCJEpAk,,
schubert-winterreise-audio_150.jams,Auf dem Flusse,Bert van den BrinkandThomas Oliemans,Journey for One: A Winterreise Fantasy for Solo Piano,7,222.04,,ba784fc3-2dc6-4c40-8937-8d026f60341e,['USPMZ2117007'],,,https://music.youtube.com/watch?v=x2Bf_QYMRi8,,
schubert-winterreise-audio_83.jams,Einsamkeit,Gerald MooreandDietrich Fischer-Dieskau,Winterreise,B6,170.69,,3faa0a35-72a0-42e9-b146-717c22ffdc37,['DEF057130112'],,,https://music.youtube.com/watch?v=2CSVqk2Em2s,,
schubert-winterreise-audio_71.jams,Der Leiermann,Roger VignolesandThomas Allen,Winterreise,24,213.8,,4d2b8e78-053e-4e4b-881c-20caed4898e2,,,,https://music.youtube.com/watch?v=G_0ZDMBe7sM,,
schubert-winterreise-audio_76.jams,Der Lindenbaum,Gerald MooreandDietrich Fischer-Dieskau,Winterreise,A5,288.37,,472512dd-4d67-4647-93f3-7f899e038383,,,,https://music.youtube.com/watch?v=AoW9MHspVs8,,
schubert-winterreise-audio_18.jams,Täuschung,Hanns-Udo MullerandGerhard Husch,"""Leise flehen meine Lieder...""",19,70.91,,0adf4bf3-c973-4b27-a03b-7d9ff119e646,,,,https://music.youtube.com/watch?v=7IpWj7L-lxA,,
schubert-winterreise-audio_103.jams,Rückblick,Jorg DemusandDietrich Fischer-Dieskau,Winterreise,8,146.03,,88b37ee8-27f0-4539-a9cb-769046e3f960,['DEF056532008'],,,https://music.youtube.com/watch?v=EdD4i0brzJI,,
schubert-winterreise-audio_102.jams,Auf dem Flusse,Jorg DemusandDietrich Fischer-Dieskau,Winterreise,7,225.02,,ccce1d8b-5c23-41b6-b98a-eed4341b4bf8,['DEF056532007'],,,https://music.youtube.com/watch?v=UsjSGi_hQRk,,
schubert-winterreise-audio_73.jams,Die Wetterfahne,Gerald MooreandDietrich Fischer-Dieskau,Winterreise,A2,107.52,,ab98c269-d94a-40ac-9c1f-287890e800af,['DEF057130102'],,,https://music.youtube.com/watch?v=37IIczrDIJg,,
schubert-winterreise-audio_169.jams,Die Wetterfahne,Charles SpencerandThomas Quasthoff,Winterreise,2,103.13,,01f52f47-d698-4c04-821a-9cf2b6e42298,,,,https://music.youtube.com/watch?v=rZq8o0U9oKc,,
schubert-winterreise-audio_131.jams,Einsamkeit,Daniel BarenboimandDietrich Fischer-Dieskau,Winterreise,12,166.87,,2739b1a7-a7ec-40fc-bba6-d7edea7cc4ea,,,,https://music.youtube.com/watch?v=OW8C8yVa9nk,,
schubert-winterreise-audio_81.jams,Rast,Gerald MooreandDietrich Fischer-Dieskau,Winterreise,B4,188.71,,8f93e65a-8b0c-4a8d-b361-5802b668a744,['DEF057130110'],,,https://music.youtube.com/watch?v=Z9HbPuuXQjI,,
schubert-winterreise-audio_120.jams,Gute Nacht,Daniel BarenboimandDietrich Fischer-Dieskau,Winterreise,1,318.02,,18f8f31d-8964-4a96-87f8-a1bb64d052a1,,,,https://music.youtube.com/watch?v=0B11reL4pRE,,
schubert-winterreise-audio_61.jams,Der greise Kopf,Roger VignolesandThomas Allen,Winterreise,14,200.44,,66bbc806-a0c1-448a-84aa-d5c952c9a7ae,,,,https://music.youtube.com/watch?v=OTLF1HoY9IQ,,
schubert-winterreise-audio_63.jams,Letzte Hoffnung,Roger VignolesandThomas Allen,Winterreise,16,144.53,,9cbcc66c-89e5-47e8-9c84-89eb8fcc4710,,,,https://music.youtube.com/watch?v=sAVIIcvGHVk,,
schubert-winterreise-audio_10.jams,Frühlingstraum,Hanns-Udo MullerandGerhard Husch,"""Leise flehen meine Lieder...""",11,254.58,,c0be5f3c-dcce-4d12-a140-c74f03ec519b,,,,https://music.youtube.com/watch?v=e0gQoXzvegg,,
schubert-winterreise-audio_111.jams,Letzte Hoffnung,Jorg DemusandDietrich Fischer-Dieskau,Winterreise,16,135.03,,95c1b5ca-e751-40bf-82a5-3107a1bc7506,['DEF056532016'],,,https://music.youtube.com/watch?v=zvqkE_OuC78,,
schubert-winterreise-audio_165.jams,Muth,Bert van den BrinkandThomas Oliemans,Solo Piano 'Jazz At The Pinehill',,87.81,,,,,,https://music.youtube.com/watch?v=uCuD1vCvp58,,
schubert-winterreise-audio_189.jams,Muth,Charles SpencerandThomas Quasthoff,Winterreise,4,78.47,,14baa6c6-0290-4d5d-a75b-06e301cbf943,,,,https://music.youtube.com/watch?v=QdR8dyJkOxA,,
schubert-winterreise-audio_48.jams,Gute Nacht,Roger VignolesandThomas Allen,Winterreise,1,350.64,,7b644f22-603a-441e-a26f-67d7c1de58ea,,,,https://music.youtube.com/watch?v=xPE0RhU2Xc0,,
schubert-winterreise-audio_115.jams,Der Wegweiser,Jorg DemusandDietrich Fischer-Dieskau,Winterreise,20,248.03,,a7a16005-e165-4f95-b1d6-95a9d91791c9,['DEF056532020'],,,https://music.youtube.com/watch?v=1XWlkPVNPvU,,
schubert-winterreise-audio_7.jams,Rückblick,Hanns-Udo MullerandGerhard Husch,"""Leise flehen meine Lieder...""",8,123.39,,e5279511-1bbb-41be-9fca-5cf3d881e184,,,,https://music.youtube.com/watch?v=7IpWj7L-lxA,,
schubert-winterreise-audio_20.jams,Das Wirtshaus,Hanns-Udo MullerandGerhard Husch,"""Leise flehen meine Lieder...""",21,221.19,,27debd91-15de-48f4-a9b0-3ec6789b0237,,,,https://music.youtube.com/watch?v=Og3tNc3p-ls,,
schubert-winterreise-audio_192.jams,Gute Nacht,Ulrich EisenlohrandRoman Trekel,Winterreise,1,341.27,,c1dd776c-9592-446b-92dd-775d6f2d7778,,,,https://music.youtube.com/watch?v=6W3MD0E3liM,,
schubert-winterreise-audio_202.jams,Frühlingstraum,Ulrich EisenlohrandRoman Trekel,Winterreise,11,273.56,,1d710817-aaa2-478c-9f25-ed1d18d7669c,,,,https://music.youtube.com/watch?v=J82N1n_rfYg,,
schubert-winterreise-audio_161.jams,Der stürmische Morgen,Bert van den BrinkandThomas Oliemans,Journey for One: A Winterreise Fantasy for Solo Piano,18,55.75,,4c0afb5e-1f3d-4937-b7e7-c28a08e883da,['USPMZ2117018'],,,https://music.youtube.com/watch?v=CMW1aa5xvNk,,
schubert-winterreise-audio_3.jams,Erstarrung,Hanns-Udo MullerandGerhard Husch,"""Leise flehen meine Lieder...""",4,178.61,,553b54b5-16d2-40ec-8b88-c4c5aaf9d41a,,,,https://music.youtube.com/watch?v=4TLT2CAh1ys,,
schubert-winterreise-audio_107.jams,Einsamkeit,Jorg DemusandDietrich Fischer-Dieskau,Winterreise,12,173.04,,8cef57ab-faad-4ead-b497-9e5637b78e43,['DEF056532012'],,,https://music.youtube.com/watch?v=mVEwS7Fi1YQ,,
schubert-winterreise-audio_182.jams,Die Krähe,Charles SpencerandThomas Quasthoff,Winterreise,15,116.31,,7931e9a6-b669-43ab-91a6-4a311d618f2f,,,,https://music.youtube.com/watch?v=AVpHtjhZ4Hc,,
schubert-winterreise-audio_139.jams,Der Wegweiser,Daniel BarenboimandDietrich Fischer-Dieskau,Winterreise,20,245.37,,fe32d155-a337-431a-9563-17182e91b8c1,,,,https://music.youtube.com/watch?v=PPnSE7b8pNU,,
schubert-winterreise-audio_106.jams,Frühlingstraum,Jorg DemusandDietrich Fischer-Dieskau,Winterreise,11,240.04,,dd120163-b441-4f0a-a834-e2fc8312e026,['DEF056532011'],,,https://music.youtube.com/watch?v=ZnDCUQSPjv0,,
schubert-winterreise-audio_194.jams,Gefrorne Tränen,Ulrich EisenlohrandRoman Trekel,Winterreise,3,170.4,,72daf190-46d7-4f15-b072-0c179bb52c1f,,,,https://music.youtube.com/watch?v=PMpIJVY6xCY,,
schubert-winterreise-audio_28.jams,Der Lindenbaum,Jeremy DenkandRandall Scarlata,Around the World,13,289.44,,78fb26e0-8ebe-499e-9c8b-0122026334ba,['CH0528880150'],,,https://music.youtube.com/watch?v=FmTsF_amejI,,
schubert-winterreise-audio_185.jams,Der stürmische Morgen,Charles SpencerandThomas Quasthoff,Winterreise,18,49.96,,4b09cc85-7edf-4913-8adb-48deb68300f3,,,,https://music.youtube.com/watch?v=T84XAy-H82M,,
schubert-winterreise-audio_54.jams,Auf dem Flusse,Roger VignolesandThomas Allen,Winterreise,7,212.17,,6de1e750-d4ea-4002-9e2f-fd6e869fcda1,,,,https://music.youtube.com/watch?v=ZULDxaC_KV4,,
schubert-winterreise-audio_118.jams,Die Nebensonnen,Jorg DemusandDietrich Fischer-Dieskau,Winterreise,23,157.02,,090fdf0a-3c70-460f-9231-f670e54926a6,['DEF056532023'],,,https://music.youtube.com/watch?v=DNYrsKKo7V4,,
schubert-winterreise-audio_145.jams,Die Wetterfahne,Bert van den BrinkandThomas Oliemans,Journey for One: A Winterreise Fantasy for Solo Piano,2,107.24,,3292a409-2b6d-437e-9997-ce841832eb86,['USPMZ2117002'],,,https://music.youtube.com/watch?v=mOY_Zeh577s,,
schubert-winterreise-audio_77.jams,Wasserflut,Gerald MooreandDietrich Fischer-Dieskau,Winterreise,A6,272.77,,9959bb02-ec1a-4273-8fb1-259007f88e3b,['DEF057130106'],,,https://music.youtube.com/watch?v=bFG8nUJ8qdM,,
schubert-winterreise-audio_143.jams,Der Leiermann,Daniel BarenboimandDietrich Fischer-Dieskau,Winterreise,24,248.53,,7174bf84-4685-48a1-b102-3485e24abb59,,,,https://music.youtube.com/watch?v=3uwpZAdwi3g,,
schubert-winterreise-audio_72.jams,Gute Nacht,Gerald MooreandDietrich Fischer-Dieskau,Winterreise,A1,337.87,,fd65c6bd-6cb3-44a6-9455-ec825ec6682c,['DEF057130101'],,,https://music.youtube.com/watch?v=DDjy4kkAFrQ,,
schubert-winterreise-audio_148.jams,Der Lindenbaum,Bert van den BrinkandThomas Oliemans,Around the World,13,293.07,,78fb26e0-8ebe-499e-9c8b-0122026334ba,['CH0528880150'],,,https://music.youtube.com/watch?v=CwAklFIm2ww,,
schubert-winterreise-audio_50.jams,Gefrorne Tränen,Roger VignolesandThomas Allen,Winterreise,3,159.63,,36ff08d3-0375-4429-87d4-de4f5ab5332e,,,,https://music.youtube.com/watch?v=deNR9n2cB9U,,
schubert-winterreise-audio_79.jams,Rückblick,Gerald MooreandDietrich Fischer-Dieskau,Winterreise,B2,145.95,,d3338301-3572-406e-a8e5-257d2524410b,['DEF057130108'],,,https://music.youtube.com/watch?v=BZBUDmSLHYE,,
schubert-winterreise-audio_170.jams,Gefrorne Tränen,Charles SpencerandThomas Quasthoff,Winterreise,3,140.97,,143a01f4-1916-40b3-a802-d58e941045f3,['FR50X0510103'],,,https://music.youtube.com/watch?v=qT6dozgg6Qw,,
schubert-winterreise-audio_105.jams,Rast,Jorg DemusandDietrich Fischer-Dieskau,Winterreise,10,182.02,,fffdaada-31bc-41f9-a318-10c0a2d0800a,['DEF056532010'],,,https://music.youtube.com/watch?v=LxSGJ3GTU0s,,
schubert-winterreise-audio_188.jams,Das Wirtshaus,Charles SpencerandThomas Quasthoff,Winterreise,21,294.87,,fa0c3105-1cbd-458a-8f6a-064b28bd2f2d,,,,https://music.youtube.com/watch?v=cqzeOpfdh-0,,
schubert-winterreise-audio_155.jams,Einsamkeit,Bert van den BrinkandThomas Oliemans,Solo Piano 'Jazz At The Pinehill',,160.67,,,,,,https://music.youtube.com/watch?v=uCuD1vCvp58,,
schubert-winterreise-audio_49.jams,Die Wetterfahne,Roger VignolesandThomas Allen,Winterreise,2,105.4,,b38a4779-4f55-40ec-8a41-12040da35f75,,,,https://music.youtube.com/watch?v=Ethy4lkwCsE,,
schubert-winterreise-audio_197.jams,Wasserflut,Ulrich EisenlohrandRoman Trekel,Winterreise,6,283.2,,072b4af0-c96f-4381-862e-7fb65d30e94f,,,,https://music.youtube.com/watch?v=8Nw0mqqZLx0,,
schubert-winterreise-audio_90.jams,Täuschung,Gerald MooreandDietrich Fischer-Dieskau,Winterreise,C7,96.11,,b939cc0d-9e81-4e1f-9c12-6f7aa3093906,['DEF057130119'],,,https://music.youtube.com/watch?v=S9BmZPzpDcI,,
schubert-winterreise-audio_122.jams,Gefrorne Tränen,Daniel BarenboimandDietrich Fischer-Dieskau,The Originals: Legendary Recordings,3,135.55,,03873b93-ffd6-4317-956a-543f962242ed,['DEF056532003'],,,https://music.youtube.com/watch?v=Qe3MYdmrNTg,,
schubert-winterreise-audio_94.jams,Die Nebensonnen,Gerald MooreandDietrich Fischer-Dieskau,Winterreise,D4,175.49,,00cc08fc-43f1-4b32-83eb-78b007bd6f9f,['DEF057130123'],,,https://music.youtube.com/watch?v=Ik6iEbH3TQs,,
schubert-winterreise-audio_44.jams,Das Wirtshaus,Jeremy DenkandRandall Scarlata,Journey for One: A Winterreise Fantasy for Solo Piano,21,239.8,,3200fb6d-9adf-40da-8dab-eb82953361c6,['USPMZ2117021'],,,https://music.youtube.com/watch?v=y0Vz06yoyiE,,
schubert-winterreise-audio_125.jams,Wasserflut,Daniel BarenboimandDietrich Fischer-Dieskau,Winterreise,6,275.54,,6894774c-668f-45e3-8c67-2b3441d58972,,,,https://music.youtube.com/watch?v=Ck7luHRYclg,,
schubert-winterreise-audio_89.jams,Der stürmische Morgen,Gerald MooreandDietrich Fischer-Dieskau,Winterreise,C6,53.81,,5635c1fa-de6f-402a-95d9-876419e6b8df,['DEF057130118'],,,https://music.youtube.com/watch?v=xI0YeuKF3FA,,
schubert-winterreise-audio_93.jams,Muth,Gerald MooreandDietrich Fischer-Dieskau,Schubert: Lieder,,85.66,,,,,,https://music.youtube.com/watch?v=44Fe0LGm0DM,,
schubert-winterreise-audio_30.jams,Auf dem Flusse,Jeremy DenkandRandall Scarlata,Journey for One: A Winterreise Fantasy for Solo Piano,7,190.56,,ba784fc3-2dc6-4c40-8937-8d026f60341e,['USPMZ2117007'],,,https://music.youtube.com/watch?v=Xup64WoNKgk,,
schubert-winterreise-audio_117.jams,Muth,Jorg DemusandDietrich Fischer-Dieskau,Early Recordings on Deutsche Grammophon,4,85.03,,0985d5b6-c95c-4971-9606-2f68fe1646db,['DEF055730204'],,,https://music.youtube.com/watch?v=Vo5nmfGvQS0,,
schubert-winterreise-audio_68.jams,Das Wirtshaus,Roger VignolesandThomas Allen,Winterreise,21,268.71,,51129c5f-efd4-4dc1-bfd7-36f4b739048e,,,,https://music.youtube.com/watch?v=TEP3T-x8z94,,
schubert-winterreise-audio_45.jams,Muth,Jeremy DenkandRandall Scarlata,Stimulus,2,74.63,,1c22d994-bbc8-4779-be98-08d534245efe,['UKU932290073'],,,https://music.youtube.com/watch?v=ekbVh3r-wqg,,
schubert-winterreise-audio_65.jams,Der stürmische Morgen,Roger VignolesandThomas Allen,Winterreise,18,49.13,,b1a8161c-9ee7-4308-9f3a-ec257895baa5,,,,https://music.youtube.com/watch?v=dqUWd2aXa6s,,
schubert-winterreise-audio_75.jams,Erstarrung,Gerald MooreandDietrich Fischer-Dieskau,Winterreise,A4,177.84,,514f96f8-eabe-4f41-81b5-c04e20499f1c,['DEF057130104'],,,https://music.youtube.com/watch?v=0AKTU-tkOC4,,
schubert-winterreise-audio_29.jams,Wasserflut,Jeremy DenkandRandall Scarlata,Journey for One: A Winterreise Fantasy for Solo Piano,6,240.43,,4de924e6-b8aa-4576-9364-c3496a874273,['USPMZ2117006'],,,https://music.youtube.com/watch?v=M_CLmkJ46TU,,
schubert-winterreise-audio_36.jams,Die Post,Jeremy DenkandRandall Scarlata,In A Perfect World (Expanded Edition),,119.67,,,,,,https://music.youtube.com/watch?v=3AUtk1wJJBc,,
schubert-winterreise-audio_178.jams,Frühlingstraum,Charles SpencerandThomas Quasthoff,Winterreise,11,268.2,,ffb36b58-ebe6-40a1-92be-a36b80842580,,,,https://music.youtube.com/watch?v=gf957y9cYiI,,
schubert-winterreise-audio_157.jams,Der greise Kopf,Bert van den BrinkandThomas Oliemans,Journey for One: A Winterreise Fantasy for Solo Piano,14,187.48,,0e05f36e-de62-4832-bf79-f92b1283b5c9,['USPMZ2117014'],,,https://music.youtube.com/watch?v=jH8_y-03IiU,,
schubert-winterreise-audio_208.jams,Im Dorfe,Ulrich EisenlohrandRoman Trekel,Winterreise,17,195.49,,941efcec-9e06-449e-bd5f-249f1dfa4d06,,,,https://music.youtube.com/watch?v=o2CvrAXQm8g,,
schubert-winterreise-audio_53.jams,Wasserflut,Roger VignolesandThomas Allen,Winterreise,6,236.93,,4ee8e770-0d31-43ae-bdc6-e93458e5eb66,,,,https://music.youtube.com/watch?v=kq8AbzYOty0,,
schubert-winterreise-audio_149.jams,Wasserflut,Bert van den BrinkandThomas Oliemans,Schubert: Winterreise,,286.85,,,,,,https://music.youtube.com/watch?v=7So14ACVgxU,,
schubert-winterreise-audio_128.jams,Irrlicht,Daniel BarenboimandDietrich Fischer-Dieskau,Winterreise,9,150.52,,5fa3c7c6-982c-4bf6-a7fc-fef0b392bc61,,,,https://music.youtube.com/watch?v=h1KnTMoooOI,,
schubert-winterreise-audio_70.jams,Die Nebensonnen,Roger VignolesandThomas Allen,Winterreise,23,182.03,,73c587f2-31e9-46c3-b2eb-4885d6a8703b,,,,https://music.youtube.com/watch?v=Abu6iV1NVAE,,
schubert-winterreise-audio_173.jams,Wasserflut,Charles SpencerandThomas Quasthoff,Winterreise,6,275.24,,e08d1e6d-a947-419f-880c-9d96e44596b6,,,,https://music.youtube.com/watch?v=6ple2IgAb3o,,
schubert-winterreise-audio_43.jams,Der Wegweiser,Jeremy DenkandRandall Scarlata,Journey for One: A Winterreise Fantasy for Solo Piano,20,232.75,,611dd47a-3d16-496d-8d9b-aa52f1e952b1,['USPMZ2117020'],,,https://music.youtube.com/watch?v=ptrxnpvIASM,,
schubert-winterreise-audio_171.jams,Erstarrung,Charles SpencerandThomas Quasthoff,Winterreise,4,164.69,,14baa6c6-0290-4d5d-a75b-06e301cbf943,,,,https://music.youtube.com/watch?v=VrF3M321mio,,
schubert-winterreise-audio_11.jams,Einsamkeit,Hanns-Udo MullerandGerhard Husch,"""Leise flehen meine Lieder...""",12,158.34,,0e5875c1-6ff6-4617-bdfd-9af7f25537b4,,,,https://music.youtube.com/watch?v=PhUNJEeEaZ8,,
schubert-winterreise-audio_91.jams,Der Wegweiser,Gerald MooreandDietrich Fischer-Dieskau,Winterreise,D1,258.74,,2b27b299-e185-454b-b4d9-5efb9391b8a3,['DEF057130120'],,,https://music.youtube.com/watch?v=gGV81oLdxQI,,
schubert-winterreise-audio_179.jams,Einsamkeit,Charles SpencerandThomas Quasthoff,Winterreise,12,155.37,,9a80ec96-6f3e-465b-b53b-66ba60165f1a,,,,https://music.youtube.com/watch?v=nGm3fGXztSA,,
schubert-winterreise-audio_187.jams,Der Wegweiser,Charles SpencerandThomas Quasthoff,Winterreise,20,267.67,,e6582cde-fa40-4bff-bf60-430ffe50e6ad,,,,https://music.youtube.com/watch?v=9_LKY7K2o2Q,,
schubert-winterreise-audio_23.jams,Der Leiermann,Hanns-Udo MullerandGerhard Husch,"""Leise flehen meine Lieder...""",24,188.08,,28a85fd5-40d6-4408-aadf-8e43711e09a5,,,,https://music.youtube.com/watch?v=6vnOq11IrpI,,
schubert-winterreise-audio_201.jams,Rast,Ulrich EisenlohrandRoman Trekel,Winterreise,10,200.57,,9e245797-81e1-4269-89ed-3d1387a90c5f,,,,https://music.youtube.com/watch?v=WXfrvOSJIS8,,
schubert-winterreise-audio_41.jams,Der stürmische Morgen,Jeremy DenkandRandall Scarlata,Journey for One: A Winterreise Fantasy for Solo Piano,18,44.07,,4c0afb5e-1f3d-4937-b7e7-c28a08e883da,['USPMZ2117018'],,,https://music.youtube.com/watch?v=UN9-t9aAAGY,,
schubert-winterreise-audio_112.jams,Im Dorfe,Jorg DemusandDietrich Fischer-Dieskau,Winterreise,17,182.02,,b4ca885e-272d-4326-a24b-40f0505e2e78,['DEF056532017'],,,https://music.youtube.com/watch?v=t5BFYGdMhs0,,
schubert-winterreise-audio_175.jams,Rückblick,Charles SpencerandThomas Quasthoff,Winterreise,8,129.71,,d00f4306-c948-4110-9cda-a622e60ecbd4,,,,https://music.youtube.com/watch?v=eZCWyFNV_ZM,,
schubert-winterreise-audio_78.jams,Auf dem Flusse,Gerald MooreandDietrich Fischer-Dieskau,Winterreise,B1,234.74,,72a4a41d-6ee8-4fcd-a0e5-6d2460e1c7c1,['DEF057130107'],,,https://music.youtube.com/watch?v=guAttqEpDsw,,
schubert-winterreise-audio_144.jams,Gute Nacht,Bert van den BrinkandThomas Oliemans,Tour Taxi Europa,9,378.13,,04efaa1f-ea7a-4124-b3d1-18d65f830e7a,['CH0190400018'],,,https://music.youtube.com/watch?v=aVG59yQVaro,,
schubert-winterreise-audio_1.jams,Die Wetterfahne,Hanns-Udo MullerandGerhard Husch,"""Leise flehen meine Lieder...""",2,101.15,,830a91b8-7efa-446e-9137-2b621f3a4a5a,,,,https://music.youtube.com/watch?v=vsYF3jbf6VM,,
schubert-winterreise-audio_183.jams,Letzte Hoffnung,Charles SpencerandThomas Quasthoff,Winterreise,16,119.0,,13e57eb5-1cab-4125-a615-ae09780dc80b,,,,https://music.youtube.com/watch?v=xNCWseB9f5o,,
schubert-winterreise-audio_12.jams,Die Post,Hanns-Udo MullerandGerhard Husch,"""Leise flehen meine Lieder...""",13,107.46,,16471eaf-ae3d-4d6f-85cd-9ab15c8628e6,,,,https://music.youtube.com/watch?v=y6tG6j_QMSo,,
schubert-winterreise-audio_156.jams,Die Post,Bert van den BrinkandThomas Oliemans,Schubert: Winterreise,,141.75,,,,,,https://music.youtube.com/watch?v=2jPKb30ScVM,,
schubert-winterreise-audio_87.jams,Letzte Hoffnung,Gerald MooreandDietrich Fischer-Dieskau,Winterreise,C4,151.98,,f8bc22f1-0c69-4175-a5f6-bfd0a0d47a5b,['DEF057130116'],,,https://music.youtube.com/watch?v=NelPeyrQNfE,,
schubert-winterreise-audio_199.jams,Rückblick,Ulrich EisenlohrandRoman Trekel,Winterreise,8,134.87,,37f6dc35-8022-4a04-90e1-2c760881e27a,,,,https://music.youtube.com/watch?v=Y9dfm9RX4AM,,
schubert-winterreise-audio_129.jams,Rast,Daniel BarenboimandDietrich Fischer-Dieskau,Winterreise,10,186.02,,42c416c0-bb59-4d3b-8d5a-500d11d22ebd,,,,https://music.youtube.com/watch?v=g9zmt_MewwA,,
schubert-winterreise-audio_59.jams,Einsamkeit,Roger VignolesandThomas Allen,Winterreise,12,156.47,,93a92e8d-063d-4602-9b43-b96e202a2f77,,,,https://music.youtube.com/watch?v=HqopZcSzNM4,,
schubert-winterreise-audio_17.jams,Der stürmische Morgen,Hanns-Udo MullerandGerhard Husch,"""Leise flehen meine Lieder...""",18,47.65,,fe5d8a22-738e-4919-8f92-37bb4a2b49ec,,,,https://music.youtube.com/watch?v=o1-RxOg6EIU,,
schubert-winterreise-audio_142.jams,Die Nebensonnen,Daniel BarenboimandDietrich Fischer-Dieskau,Winterreise,23,164.55,,744c988f-304b-40bb-80f4-4d18cc8aefc5,,,,https://music.youtube.com/watch?v=Ik6iEbH3TQs,,
schubert-winterreise-audio_211.jams,Der Wegweiser,Ulrich EisenlohrandRoman Trekel,Winterreise,20,243.07,,b5dfa798-8ff4-49f3-b28f-21278a5caed1,,,,https://music.youtube.com/watch?v=B35pkGVAo2I,,
schubert-winterreise-audio_19.jams,Der Wegweiser,Hanns-Udo MullerandGerhard Husch,"""Leise flehen meine Lieder...""",20,242.74,,28220404-0f87-450b-8aa2-22c84a78401b,,,,https://music.youtube.com/watch?v=ZuUjzryoBeo,,
schubert-winterreise-audio_214.jams,Die Nebensonnen,Ulrich EisenlohrandRoman Trekel,Winterreise,23,199.33,,daa968c1-809d-4913-aab3-738953d86a35,,,,https://music.youtube.com/watch?v=nkhuzv2t5hI,,
schubert-winterreise-audio_113.jams,Der stürmische Morgen,Jorg DemusandDietrich Fischer-Dieskau,Winterreise,18,52.04,,af3991ed-b693-4a4a-95b3-c9a969757c21,['DEF056532018'],,,https://music.youtube.com/watch?v=tMM_VYAND5k,,
schubert-winterreise-audio_31.jams,Rückblick,Jeremy DenkandRandall Scarlata,"Parsley, Sage, Rosemary And Thyme",,114.08,,,,,,https://music.youtube.com/watch?v=V1IRDT8TInY,,
schubert-winterreise-audio_167.jams,Der Leiermann,Bert van den BrinkandThomas Oliemans,Schubert: Winterreise,,238.32,,,,,,https://music.youtube.com/watch?v=DRLYqtcUi6o,,
schubert-winterreise-audio_174.jams,Auf dem Flusse,Charles SpencerandThomas Quasthoff,Winterreise,7,206.45,,1194d49c-51fe-47d0-bc77-f86957ae4745,,,,https://music.youtube.com/watch?v=ZwE8lnuf9fc,,
schubert-winterreise-audio_32.jams,Irrlicht,Jeremy DenkandRandall Scarlata,Tag und Nacht,16,146.55,,0a54d004-c9c2-4498-ab06-a4d2f0587df8,['DEUM70502223'],,,https://music.youtube.com/watch?v=URZgDbNeMlw,,
schubert-winterreise-audio_135.jams,Letzte Hoffnung,Daniel BarenboimandDietrich Fischer-Dieskau,Winterreise,16,122.36,,d8f6f5ed-86e2-47df-93eb-d403395d2194,,,,https://music.youtube.com/watch?v=Jivs-mIA79E,,
schubert-winterreise-audio_186.jams,Täuschung,Charles SpencerandThomas Quasthoff,Winterreise,19,75.47,,0d168284-90bd-4698-8162-c5a498af2c0c,,,,https://music.youtube.com/watch?v=VrF3M321mio,,
schubert-winterreise-audio_123.jams,Erstarrung,Daniel BarenboimandDietrich Fischer-Dieskau,Winterreise,4,175.15,,5689f238-4709-42e2-a138-20c6ff6f42a3,,,,https://music.youtube.com/watch?v=h1KnTMoooOI,,
schubert-winterreise-audio_92.jams,Das Wirtshaus,Gerald MooreandDietrich Fischer-Dieskau,Winterreise,D2,292.18,,268d1ecb-3fd1-4754-a27e-8a39e2392589,['DEF057130121'],,,https://music.youtube.com/watch?v=lu5Yj977YIQ,,
schubert-winterreise-audio_176.jams,Irrlicht,Charles SpencerandThomas Quasthoff,Winterreise,9,163.84,,0bbbf1ea-6e08-4285-b8e9-958c67979bcb,,,,https://music.youtube.com/watch?v=cquaOIk7ofM,,
schubert-winterreise-audio_137.jams,Der stürmische Morgen,Daniel BarenboimandDietrich Fischer-Dieskau,Winterreise,18,53.68,,de37fde7-c4fa-44b6-a313-c4dc52f4a9e7,,,,https://music.youtube.com/watch?v=s2vC65MuPRs,,
schubert-winterreise-audio_22.jams,Die Nebensonnen,Hanns-Udo MullerandGerhard Husch,"""Leise flehen meine Lieder...""",23,189.15,,9e76e65e-5c48-457d-a859-fffb961a81d2,,,,https://music.youtube.com/watch?v=3Fa1ZMsYjFY,,
schubert-winterreise-audio_154.jams,Frühlingstraum,Bert van den BrinkandThomas Oliemans,Schubert: Winterreise,,258.75,,,,,,https://music.youtube.com/watch?v=1j2AwF5DAs8,,
schubert-winterreise-audio_26.jams,Gefrorne Tränen,Jeremy DenkandRandall Scarlata,Winterreise,3,137.17,,143a01f4-1916-40b3-a802-d58e941045f3,['FR50X0510103'],,,https://music.youtube.com/watch?v=AsOReUV-mYc,,
schubert-winterreise-audio_134.jams,Die Krähe,Daniel BarenboimandDietrich Fischer-Dieskau,Winterreise,15,141.85,,897bd04e-0425-4b13-8338-7dfbf007ca67,,,,https://music.youtube.com/watch?v=1EDO4eXvE9g,,
schubert-winterreise-audio_39.jams,Letzte Hoffnung,Jeremy DenkandRandall Scarlata,"TKKG 206: Achtung, UFO‐Kult!",9,113.14,,23a335ec-7ae0-411c-9b82-a87ebc4cad1b,['DEC711801748'],,,https://music.youtube.com/watch?v=9qS9gCkGHbk,,
schubert-winterreise-audio_136.jams,Im Dorfe,Daniel BarenboimandDietrich Fischer-Dieskau,Winterreise,17,217.71,,aeb56834-7b19-4c75-9671-aafcf49fc80e,,,,https://music.youtube.com/watch?v=DgkgK97AO0k,,
schubert-winterreise-audio_132.jams,Die Post,Daniel BarenboimandDietrich Fischer-Dieskau,Winterreise,13,135.68,,0a412ea2-3165-415e-8678-c7d69e687488,,,,https://music.youtube.com/watch?v=_R9lZKywkHg,,
schubert-winterreise-audio_100.jams,Der Lindenbaum,Jorg DemusandDietrich Fischer-Dieskau,Winterreise,5,281.03,,167a39d5-a30a-42f7-be85-721d68ddf24d,['DEF056532005'],,,https://music.youtube.com/watch?v=mdXw0oC1dko,,
schubert-winterreise-audio_206.jams,Die Krähe,Ulrich EisenlohrandRoman Trekel,Winterreise,15,119.97,,11519216-0634-486d-b713-4fc90daf01ce,,,,https://music.youtube.com/watch?v=kXKQuTHol4U,,
schubert-winterreise-audio_158.jams,Die Krähe,Bert van den BrinkandThomas Oliemans,Umsonst & draußen,13,118.21,,9ce13753-47ab-4aa3-a525-278a1ccd9ba0,['DEAK81500027'],,,https://music.youtube.com/watch?v=XC7gT6qSpAo,,
schubert-winterreise-audio_177.jams,Rast,Charles SpencerandThomas Quasthoff,Winterreise,10,195.49,,f8035f89-09c3-45e3-9e90-d062feaa1989,,,,https://music.youtube.com/watch?v=dD_jPh2BLBc,,
schubert-winterreise-audio_213.jams,Muth,Ulrich EisenlohrandRoman Trekel,Winterreise,5,93.56,,c3a06784-0e2f-4dcb-b9c7-1d7d8642c7bf,,,,https://music.youtube.com/watch?v=F5YlMdw94dU,,
schubert-winterreise-audio_34.jams,Frühlingstraum,Jeremy DenkandRandall Scarlata,Schubert: Winterreise,,237.64,,,,,,https://music.youtube.com/watch?v=gf957y9cYiI,,
schubert-winterreise-audio_181.jams,Der greise Kopf,Charles SpencerandThomas Quasthoff,Winterreise,14,192.67,,37448a42-e272-4c06-bcb5-8fe938d7e96a,,,,https://music.youtube.com/watch?v=TdPBhx4R6kE,,
schubert-winterreise-audio_38.jams,Die Krähe,Jeremy DenkandRandall Scarlata,Umsonst & draußen,13,116.85,,9ce13753-47ab-4aa3-a525-278a1ccd9ba0,['DEAK81500027'],,,https://music.youtube.com/watch?v=I1VBJaZIIqE,,
schubert-winterreise-audio_138.jams,Täuschung,Daniel BarenboimandDietrich Fischer-Dieskau,Winterreise,19,95.35,,b7d823ef-e510-433f-be51-9d6d2754cf55,,,,https://music.youtube.com/watch?v=DH2RD8GfyvA,,
schubert-winterreise-audio_168.jams,Gute Nacht,Charles SpencerandThomas Quasthoff,Winterreise,1,359.29,,00aafe20-c605-4293-9e31-729ab849b73c,,,,https://music.youtube.com/watch?v=1ukA2eu5dF4,,
schubert-winterreise-audio_99.jams,Erstarrung,Jorg DemusandDietrich Fischer-Dieskau,Winterreise,4,178.03,,0e649304-c249-451b-bc94-7b9ef49357f3,['DEF056532004'],,,https://music.youtube.com/watch?v=x8w8VvVgBS4,,
schubert-winterreise-audio_104.jams,Irrlicht,Jorg DemusandDietrich Fischer-Dieskau,Winterreise,9,153.03,,3b5cd98d-06ce-4b2c-b01c-3860f85a7f95,['DEF056532009'],,,https://music.youtube.com/watch?v=x8w8VvVgBS4,,
schubert-winterreise-audio_172.jams,Der Lindenbaum,Charles SpencerandThomas Quasthoff,Winterreise,5,300.93,,6285f39f-9f9c-46c0-8b5c-497592c87e5d,,,,https://music.youtube.com/watch?v=5SV7-6-imqY,,
schubert-winterreise-audio_203.jams,Einsamkeit,Ulrich EisenlohrandRoman Trekel,Winterreise,12,174.07,,fcc3e742-8f37-444e-aa13-c4b9dc70e555,,,,https://music.youtube.com/watch?v=fCXe7iCMceA,,
schubert-winterreise-audio_124.jams,Der Lindenbaum,Daniel BarenboimandDietrich Fischer-Dieskau,Winterreise,5,288.37,,027e18b7-9aad-4106-9792-345516ae137d,,,,https://music.youtube.com/watch?v=AoW9MHspVs8,,
schubert-winterreise-audio_98.jams,Gefrorne Tränen,Jorg DemusandDietrich Fischer-Dieskau,Winterreise,3,157.02,,03873b93-ffd6-4317-956a-543f962242ed,['DEF056532003'],,,https://music.youtube.com/watch?v=0R54ccKULss,,
schubert-winterreise-audio_51.jams,Erstarrung,Roger VignolesandThomas Allen,Winterreise,4,183.27,,9bcc9faa-e898-4ae0-9c7b-5a2ae364ba4e,,,,https://music.youtube.com/watch?v=mQbh7UNCZdc,,
schubert-winterreise-audio_162.jams,Täuschung,Bert van den BrinkandThomas Oliemans,Schubert: Winterreise,,99.35,,,,,,https://music.youtube.com/watch?v=2jPKb30ScVM,,
schubert-winterreise-audio_0.jams,Gute Nacht,Hanns-Udo MullerandGerhard Husch,"""Leise flehen meine Lieder...""",1,244.46,,82f07afc-9cc9-4033-ab19-acb8067829ed,,,,https://music.youtube.com/watch?v=Vwjscivq6sw,,
schubert-winterreise-audio_13.jams,Der greise Kopf,Hanns-Udo MullerandGerhard Husch,"""Leise flehen meine Lieder...""",14,183.21,,e54623a0-ae50-4137-94d5-dde18cc2ce77,,,,https://music.youtube.com/watch?v=ujtyXCnr8Z4,,
schubert-winterreise-audio_56.jams,Irrlicht,Roger VignolesandThomas Allen,Winterreise,9,161.43,,b1211adc-8bab-4ce0-b212-15271dfce3a2,,,,https://music.youtube.com/watch?v=-iPMvUaFRl8,,
schubert-winterreise-audio_80.jams,Irrlicht,Gerald MooreandDietrich Fischer-Dieskau,Winterreise,B3,170.5,,a16ac3d3-d2e4-41d8-a739-d97affc3db36,['DEF057130109'],,,https://music.youtube.com/watch?v=DKc7wlfDQU8,,
schubert-winterreise-audio_114.jams,Täuschung,Jorg DemusandDietrich Fischer-Dieskau,Winterreise,19,94.02,,272378ff-0a54-441e-b32d-3e02e388bb83,['DEF056532019'],,,https://music.youtube.com/watch?v=SssLUo9NWDc,,
schubert-winterreise-audio_67.jams,Der Wegweiser,Roger VignolesandThomas Allen,Winterreise,20,260.96,,a1b75efc-5baf-4c5d-b6e4-00f6e49d5f33,,,,https://music.youtube.com/watch?v=0wXP6LYzVZE,,
schubert-winterreise-audio_14.jams,Die Krähe,Hanns-Udo MullerandGerhard Husch,"""Leise flehen meine Lieder...""",15,124.27,,84aab547-6fdb-4dc0-9e86-4dca9b0c4551,,,,https://music.youtube.com/watch?v=7IpWj7L-lxA,,
schubert-winterreise-audio_82.jams,Frühlingstraum,Gerald MooreandDietrich Fischer-Dieskau,Winterreise,B5,243.33,,4337835d-4932-4ab6-8068-ebf967806f23,['DEF057130111'],,,https://music.youtube.com/watch?v=8FpAHMb5vfg,,
schubert-winterreise-audio_5.jams,Wasserflut,Hanns-Udo MullerandGerhard Husch,"""Leise flehen meine Lieder...""",6,259.6,,8e3d68c9-4b5c-4dd3-a398-ef2d1aa77bd6,,,,https://music.youtube.com/watch?v=xqcwsDHtY6s,,
schubert-winterreise-audio_96.jams,Gute Nacht,Jorg DemusandDietrich Fischer-Dieskau,Winterreise,1,338.03,,c6e74e3d-457e-4346-82bf-16013af671f0,['DEF056532001'],,,https://music.youtube.com/watch?v=FC3yJ15gVM8,,
schubert-winterreise-audio_110.jams,Die Krähe,Jorg DemusandDietrich Fischer-Dieskau,Winterreise,15,120.03,,fa80b611-857f-4636-839b-1f595476eed7,['DEF056532015'],,,https://music.youtube.com/watch?v=GtWVBBmZGPg,,
schubert-winterreise-audio_33.jams,Rast,Jeremy DenkandRandall Scarlata,Zernar: la grande estasi dell'intagliatore,,180.92,,,,,,https://music.youtube.com/watch?v=URZgDbNeMlw,,
schubert-winterreise-audio_58.jams,Frühlingstraum,Roger VignolesandThomas Allen,Winterreise,11,249.91,,2a87c5d7-83bf-43d8-a195-ea081a84d734,,,,https://music.youtube.com/watch?v=w81OqCiozQY,,
schubert-winterreise-audio_198.jams,Auf dem Flusse,Ulrich EisenlohrandRoman Trekel,Winterreise,7,246.37,,c484771a-97fb-4b47-bc08-2b8ecde7fa0d,,,,https://music.youtube.com/watch?v=5fO2uHz0Ago,,
schubert-winterreise-audio_159.jams,Letzte Hoffnung,Bert van den BrinkandThomas Oliemans,"TKKG 206: Achtung, UFO‐Kult!",9,146.65,,23a335ec-7ae0-411c-9b82-a87ebc4cad1b,['DEC711801748'],,,https://music.youtube.com/watch?v=kG47-mdoS8Y,,
schubert-winterreise-audio_152.jams,Irrlicht,Bert van den BrinkandThomas Oliemans,Schubert: Winterreise,,172.61,,,,,,https://music.youtube.com/watch?v=kyhDrz9oGr0,,
schubert-winterreise-audio_52.jams,Der Lindenbaum,Roger VignolesandThomas Allen,Winterreise,5,283.2,,40f683d8-d3ad-4153-9345-2d5a2fadc753,,,,https://music.youtube.com/watch?v=w4pNP17gcBQ,,
schubert-winterreise-audio_193.jams,Die Wetterfahne,Ulrich EisenlohrandRoman Trekel,Winterreise,2,107.47,,fb349de7-4a56-46d9-8500-084b326fb964,,,,https://music.youtube.com/watch?v=yvhW-uXlswM,,
schubert-winterreise-audio_57.jams,Rast,Roger VignolesandThomas Allen,Winterreise,10,195.13,,edcb294a-3f5e-431b-b61b-f91930177142,,,,https://music.youtube.com/watch?v=-iPMvUaFRl8,,
schubert-winterreise-audio_190.jams,Die Nebensonnen,Charles SpencerandThomas Quasthoff,Winterreise,23,176.97,,d55ba8e0-2f82-4350-9c76-5db8068b512c,,,,https://music.youtube.com/watch?v=jadDt_6GGGE,,
schubert-winterreise-audio_15.jams,Letzte Hoffnung,Hanns-Udo MullerandGerhard Husch,"""Leise flehen meine Lieder...""",16,138.48,,ebb46e5c-496f-46bc-9f47-2b0d52a5e2ea,,,,https://music.youtube.com/watch?v=agzAEELcVlo,,
schubert-winterreise-audio_141.jams,Muth,Daniel BarenboimandDietrich Fischer-Dieskau,Stimulus,2,87.35,,1c22d994-bbc8-4779-be98-08d534245efe,['UKU932290073'],,,https://music.youtube.com/watch?v=o9tlkOtcZ8Y,,
schubert-winterreise-audio_55.jams,Rückblick,Roger VignolesandThomas Allen,Winterreise,8,133.4,,af6307ba-14cd-4d04-98e4-0d7e1273abde,,,,https://music.youtube.com/watch?v=K6fFRo_tLgQ,,
schubert-winterreise-audio_108.jams,Die Post,Jorg DemusandDietrich Fischer-Dieskau,Winterreise,13,140.02,,eff8cd6c-b511-45a1-b1fe-54cae5d45d03,['DEF056532013'],,,https://music.youtube.com/watch?v=D9cc2B4RYjw,,
